{"parameters":{"long":26,"short":12,"signal":7,"candleSize":120,"historySize":45,"thresholds":{"up":"4.15","down":"-14.76","persistence":5}},"score":6366.524378955545,"profit":14970.87431179,"sharpe":0.4252606926197839,"epochNumber":435,"otherMetrics":{"balance":19775.70431179,"profit":14970.87431179,"sharpe":0.4252606926197839,"market":200.17715031547743,"relativeProfit":311.5796877681416,"yearlyProfit":"49022.34086619","relativeYearlyProfit":"1020.27211923","startPrice":4803.83,"endPrice":14420,"trades":34}}