{"parameters":{"interval":61,"candleSize":15,"historySize":48,"thresholds":{"low":5,"high":88,"persistence":8}},"score":0.08456404095230548,"profit":0.461684899106074,"sharpe":0.183163974208471,"epochNumber":76,"otherMetrics":{"balance":1.461867749106074,"profit":0.461684899106074,"sharpe":0.183163974208471,"market":5.917418649165995,"relativeProfit":46.16004954554799,"yearlyProfit":"5.62871589","relativeYearlyProfit":"562.76868638","startPrice":0.00018285,"endPrice":0.00019367,"trades":6}}