{"parameters":{"long":15,"short":14,"signal":6,"candleSize":10,"historySize":83,"thresholds":{"up":"9.56","down":"-10.23","persistence":7}},"score":0,"profit":12040.54,"sharpe":0,"epochNumber":243,"otherMetrics":{"balance":16770.54,"profit":12040.54,"sharpe":0,"market":42.73017551279341,"relativeProfit":254.5568710359408,"yearlyProfit":"24168.99747562","relativeYearlyProfit":"510.97246249","startPrice":4729,"endPrice":6749.71,"trades":1}}